{
    "template":{
        "mappings":{
            "properties":{
                "related_event":{
                    "properties":{
                        "kill_chain":{
                            "properties":{
                                "phase":{
                                    "type":"keyword",
                                    "ignore_above":32
                                },
                                "phase_id":{
                                    "type":"integer"
                                }
                            }
                        },
                        "attacks":{
                            "properties":{
                                "sub_technique":{
                                    "properties":{
                                        "name":{
                                            "type":"keyword",
                                            "ignore_above":64
                                        },
                                        "uid":{
                                            "type":"keyword",
                                            "ignore_above":64
                                        },
                                        "src_url":{
                                            "type":"text",
                                            "fields":{
                                                "keyword":{
                                                    "type":"keyword",
                                                    "ignore_above":1024
                                                }
                                            }
                                        }
                                    }
                                },
                                "tactic":{
                                    "properties":{
                                        "name":{
                                            "type":"keyword",
                                            "ignore_above":64
                                        },
                                        "uid":{
                                            "type":"keyword",
                                            "ignore_above":64
                                        },
                                        "src_url":{
                                            "type":"text",
                                            "fields":{
                                                "keyword":{
                                                    "type":"keyword",
                                                    "ignore_above":1024
                                                }
                                            }
                                        }
                                    }
                                },
                                "tactics":{
                                    "properties":{
                                        "name":{
                                            "type":"keyword",
                                            "ignore_above":64
                                        },
                                        "uid":{
                                            "type":"keyword",
                                            "ignore_above":64
                                        },
                                        "src_url":{
                                            "type":"text",
                                            "fields":{
                                                "keyword":{
                                                    "type":"keyword",
                                                    "ignore_above":1024
                                                }
                                            }
                                        }
                                    }
                                },
                                "technique":{
                                    "properties":{
                                        "name":{
                                            "type":"keyword",
                                            "ignore_above":64
                                        },
                                        "uid":{
                                            "type":"keyword",
                                            "ignore_above":64
                                        },
                                        "src_url":{
                                            "type":"text",
                                            "fields":{
                                                "keyword":{
                                                    "type":"keyword",
                                                    "ignore_above":1024
                                                }
                                            }
                                        }
                                    }
                                },
                                "version":{
                                    "type":"keyword",
                                    "ignore_above":16
                                }
                            }
                        },
                        "observables":{
                            "properties":{
                                "name":{
                                    "type":"keyword",
                                    "ignore_above":64
                                },
                                "reputation":{
                                    "properties":{
                                        "provider":{
                                            "type":"keyword",
                                            "ignore_above":64
                                        },
                                        "base_score":{
                                            "type":"float"
                                        },
                                        "score":{
                                            "type":"keyword",
                                            "ignore_above":64
                                        },
                                        "score_id":{
                                            "type":"integer"
                                        }
                                    }
                                },
                                "type":{
                                    "type":"keyword",
                                    "ignore_above":64
                                },
                                "type_id":{
                                    "type":"integer"
                                },
                                "value":{
                                    "type":"keyword",
                                    "ignore_above":64
                                }
                            }
                        },
                        "product_uid":{
                            "type":"keyword",
                            "ignore_above":64
                        },
                        "type":{
                            "type":"keyword",
                            "ignore_above":64
                        },
                        "type_uid":{
                            "type":"keyword",
                            "ignore_above":64
                        },
                        "uid":{
                            "type":"keyword",
                            "ignore_above":64
                        }
                    }
                }
            }
        }
    }
}
