{
    "template":{
        "mappings":{
            "properties":{
                "attacks":{
                    "properties":{
                        "sub_technique":{
                            "properties":{
                                "name":{
                                    "type":"keyword",
                                    "ignore_above":64
                                },
                                "uid":{
                                    "type":"keyword",
                                    "ignore_above":64
                                },
				"src_url":{
				    "type":"text",
				    "fields":{
					"keyword":{
					    "type":"keyword",
					    "ignore_above":1024
					}
				    }
				}
                            }
                        },
                        "tactic":{
                            "properties":{
                                "name":{
                                    "type":"keyword",
                                    "ignore_above":64
                                },
                                "uid":{
                                    "type":"keyword",
                                    "ignore_above":64
                                },
				"src_url":{
				    "type":"text",
				    "fields":{
					"keyword":{
					    "type":"keyword",
					    "ignore_above":1024
					}
				    }
				}
                            }
                        },
                        "tactics":{
                            "properties":{
                                "name":{
                                    "type":"keyword",
                                    "ignore_above":64
                                },
                                "uid":{
                                    "type":"keyword",
                                    "ignore_above":64
                                },
				"src_url":{
				    "type":"text",
				    "fields":{
					"keyword":{
					    "type":"keyword",
					    "ignore_above":1024
					}
				    }
				}
                            }
                        },
                        "technique":{
                            "properties":{
                                "name":{
                                    "type":"keyword",
                                    "ignore_above":64
                                },
                                "uid":{
                                    "type":"keyword",
                                    "ignore_above":64
                                },
				"src_url":{
				    "type":"text",
				    "fields":{
					"keyword":{
					    "type":"keyword",
					    "ignore_above":1024
					}
				    }
				}
                            }
                        },
                        "version":{
                            "type":"keyword",
                            "ignore_above":16
                        }
                    }
                }
            }
        }
    }
}
