{
    "template":{
        "mappings":{
            "properties":{
                "observables":{
                    "properties":{
                        "name":{
                            "type":"keyword",
                            "ignore_above":64
                        },
                        "reputation":{
                            "properties":{
                                "provider":{
                                    "type":"keyword",
                                    "ignore_above":64
                                },
                                "base_score":{
                                    "type":"float"
                                },
                                "score":{
                                    "type":"keyword",
                                    "ignore_above":64
                                },
                                "score_id":{
                                    "type":"integer"
                                }
                            }
                        },
                        "type":{
                            "type":"keyword",
                            "ignore_above":64
                        },
                        "type_id":{
                            "type":"integer"
                        },
                        "value":{
                            "type":"keyword",
                            "ignore_above":64
                        }
                    }
                }
            }
        }
    }
}
