{
    "template":{
        "mappings":{
            "properties":{
                "authorizations":{
                    "properties":{
                        "decision":{
                            "type":"keyword",
                            "ignore_above":32
                        },
                        "policy":{
                            "properties":{
                                "desc":{
                                    "type":"text",
                                    "fields":{
                                        "keyword":{
                                            "type":"keyword",
                                            "ignore_above":256
                                        }
                                    }
                                },
                                "group":{
                                    "properties":{
                                        "type":{
                                            "type":"keyword",
                                            "ignore_above":64
                                        },
                                        "desc":{
                                            "type":"text",
                                            "fields":{
                                                "keyword":{
                                                    "type":"keyword",
                                                    "ignore_above":256
                                                }
                                            }
                                        },
                                        "domain":{
                                            "type":"keyword",
                                            "ignore_above":64
                                        },
                                        "name":{
                                            "type":"keyword",
                                            "ignore_above":64
                                        },
                                        "privileges":{
                                            "type":"keyword",
                                            "ignore_above":64
                                        },
                                        "uid":{
                                            "type":"keyword",
                                            "ignore_above":64
                                        }
                                    }
                                },
                                "name":{
                                    "type":"keyword",
                                    "ignore_above":64
                                },
                                "uid":{
                                    "type":"keyword",
                                    "ignore_above":64
                                },
                                "version":{
                                    "type":"keyword",
                                    "ignore_above":64
                                }
                            }
                        }
                    }
                }
            }
        }
    }
}
