{
    "template":{
        "mappings":{
            "properties":{
                "firewall_rule":{
                    "properties":{
                        "category":{
                            "type":"keyword",
                            "ignore_above":64
                        },
                        "condition":{
                            "type":"keyword",
                            "ignore_above":64
                        },
                        "desc":{
                            "type":"text",
                            "fields":{
                                "keyword":{
                                    "type":"keyword",
                                    "ignore_above":256
                                }
                            }
                        },
                        "duration":{
                            "type":"integer"
                        },
                        "match_details":{
                            "type":"keyword",
                            "ignore_above":64
                        },
                        "match_location":{
                            "type":"keyword",
                            "ignore_above":64
                        },
                        "name":{
                            "type":"keyword",
                            "ignore_above":64
                        },
                        "rate_limit":{
                            "type":"integer"
                        },
                        "sensitivity":{
                            "type":"keyword",
                            "ignore_above":64
                        },
                        "type":{
                            "type":"keyword",
                            "ignore_above":64
                        },
                        "uid":{
                            "type":"keyword",
                            "ignore_above":64
                        },
                        "version":{
                            "type":"keyword",
                            "ignore_above":16
                        }
                    }
                }
            }
        }
    }
}
