{
    "template":{
        "mappings":{
            "properties":{
                "compliance":{
                    "properties":{
                        "requirements":{
                            "type":"text",
                            "fields":{
                                "keyword":{
                                    "type":"keyword",
                                    "ignore_above":64
                                }
                            }
                        },
                        "control":{
                            "type":"keyword",
                            "ignore_above":1024
                        },
                        "standards":{
                            "type":"text",
                            "fields":{
                                "keyword":{
                                    "type":"keyword",
                                    "ignore_above":64
                                }
                            }
                        },
                        "status":{
                            "type":"keyword",
                            "ignore_above":64
                        },
                        "status_code":{
                            "type":"keyword",
                            "ignore_above":16
                        },
                        "status_detail":{
                            "type":"text",
                            "fields":{
                                "keyword":{
                                    "type":"keyword",
                                    "ignore_above":256
                                }
                            }
                        },
                        "status_id":{
                            "type":"integer"
                        }
                    }
                }
            }
        }
    }
}