{
    "template":{
        "mappings":{
            "properties":{
                "url":{
                    "properties":{
                        "query_string":{
                            "type":"keyword",
                            "ignore_above":256
                        },
                        "hostname":{
                            "type":"keyword",
                            "ignore_above":256
                        },
                        "path":{
                            "type":"keyword",
                            "ignore_above":256
                        },
                        "port":{
                            "type":"integer"
                        },
                        "resource_type":{
                            "type":"keyword",
                            "ignore_above":256
                        },
                        "scheme":{
                            "type":"keyword",
                            "ignore_above":24
                        },
                        "subdomain":{
                            "type":"keyword",
                            "ignore_above":256
                        },
                        "url_string":{
                            "type":"keyword",
                            "ignore_above":256
                        },
                        "categories":{
                            "type":"keyword",
                            "ignore_above":256
                        },
                        "category_ids":{
                            "type":"integer"
                        }
                    }
                }
            }
        }
    }
}