{
    "template":{
        "mappings":{
            "properties":{
                "activity_id":{
                    "type":"integer"
                },
                "activity_name":{
                    "type":"keyword",
                    "ignore_above":64
                },
                "category_name":{
                    "type":"keyword",
                    "ignore_above":32
                },
                "category_uid":{
                    "type":"integer"
                },
                "class_name":{
                    "type":"keyword",
                    "ignore_above":64
                },
                "class_uid":{
                    "type":"integer"
                },
                "count":{
                    "type":"integer"
                },
                "duration":{
                    "type":"integer"
                },
                "end_time":{
                    "type":"date",
                    "format":"yyyy-MM-dd'T'HH:mm:ss.SSSZ||epoch_millis"
                },
                "end_time_dt":{
                    "type":"date",
                    "format":"yyyy-MM-dd'T'HH:mm:ss.SSSZ||epoch_millis"
                },
                "time":{
                    "type":"date",
                    "format":"yyyy-MM-dd'T'HH:mm:ss.SSSZ||epoch_millis"
                },
                "time_dt":{
                    "type":"date",
                    "format":"yyyy-MM-dd'T'HH:mm:ss.SSSZ||epoch_millis"
                },
                "message":{
                    "type":"text",
                    "fields":{
                        "keyword":{
                            "type":"keyword",
                            "ignore_above":256
                        }
                    }
                },
                "raw_data":{
                    "type":"object"
                },
                "severity":{
                    "type":"keyword",
                    "ignore_above":16
                },
                "severity_id":{
                    "type":"integer"
                },
                "start_time":{
                    "type":"date",
                    "format":"yyyy-MM-dd'T'HH:mm:ss.SSSZ||epoch_millis"
                },
                "start_time_dt":{
                    "type":"date",
                    "format":"yyyy-MM-dd'T'HH:mm:ss.SSSZ||epoch_millis"
                },
                "status":{
                    "type":"keyword",
                    "ignore_above":32
                },
                "status_code":{
                    "type":"keyword",
                    "ignore_above":32
                },
                "status_detail":{
                    "type":"text",
                    "fields":{
                        "keyword":{
                            "type":"keyword",
                            "ignore_above":256
                        }
                    }
                },
                "status_id":{
                    "type":"integer"
                },
                "timezone_offset":{
                    "type":"integer"
                },
                "type_uid":{
                    "type":"long"
                },
                "type_name":{
                    "type":"keyword",
                    "ignore_above":64
                }
            }
        }
    }
}
