{
    "template":{
        "mappings":{
            "properties":{
                "http_request":{
                    "properties":{
                        "args":{
                            "type":"text",
                            "fields":{
                                "keyword":{
                                    "type":"keyword",
                                    "ignore_above":2048
                                }
                            }
                        },
                        "http_headers":{
                            "properties":{
                                "name":{
                                    "type":"keyword",
                                    "ignore_above":256
                                },
                                "value":{
                                    "type":"text",
                                    "fields":{
                                        "keyword":{
                                            "type":"keyword",
                                            "ignore_above":2048
                                        }
                                    }
                                }
                            }
                        },
                        "http_method":{
                            "type":"keyword",
                            "ignore_above":8
                        },
                        "referrer":{
                            "type":"text",
                            "fields":{
                                "keyword":{
                                    "type":"keyword",
                                    "ignore_above":1024
                                }
                            }
                        },
                        "user_agent":{
                            "type":"text",
                            "fields":{
                                "keyword":{
                                    "type":"keyword",
                                    "ignore_above":2048
                                }
                            }
                        },
                        "version":{
                            "type":"keyword",
                            "ignore_above":16
                        },
                        "length":{
                            "type":"integer"
                        },
                        "url":{
                            "properties":{
                                "query_string":{
                                    "type":"text",
                                    "fields":{
                                        "keyword":{
                                            "type":"keyword",
                                            "ignore_above":2048
                                        }
                                    }
                                },
                                "hostname":{
                                    "type":"text",
                                    "fields":{
                                        "keyword":{
                                            "type":"keyword",
                                            "ignore_above":256
                                        }
                                    }
                                },
                                "path":{
                                    "type":"text",
                                    "fields":{
                                        "keyword":{
                                            "type":"keyword",
                                            "ignore_above":1024
                                        }
                                    }
                                },
                                "port":{
                                    "type":"integer"
                                },
                                "resource_type":{
                                    "type":"keyword",
                                    "ignore_above":256
                                },
                                "scheme":{
                                    "type":"keyword",
                                    "ignore_above":32
                                },
                                "subdomain":{
                                    "type":"text",
                                    "fields":{
                                        "keyword":{
                                            "type":"keyword",
                                            "ignore_above":256
                                        }
                                    }
                                },
                                "url_string":{
                                    "type":"text",
                                    "fields":{
                                        "keyword":{
                                            "type":"keyword",
                                            "ignore_above":1024
                                        }
                                    }
                                },
                                "categories":{
                                    "type":"keyword",
                                    "ignore_above":64
                                },
                                "category_ids":{
                                    "type":"integer"
                                }
                            }
                        },
                        "uid":{
                            "type":"keyword",
                            "ignore_above":64
                        },
                        "x_forwarded_for":{
                            "type":"ip"
                        }
                    }
                }
            }
        }
    }
}
