{
    "template":{
        "mappings":{
            "properties":{
                "remediation":{
                    "properties":{
                        "desc":{
                            "type":"text",
                            "fields":{
                                "keyword":{
                                    "type":"keyword",
                                    "ignore_above":256
                                }
                            }
                        },
                        "kb_article_list":{
                            "properties":{
                                "classification":{
                                    "type":"keyword",
                                    "ignore_above":48
                                },
                                "created_time":{
                                    "type":"date",
                                    "format":"yyyy-MM-dd'T'HH:mm:ss.SSSZ||epoch_millis"
                                },
                                "created_time_dt":{
                                    "type":"date",
                                    "format":"yyyy-MM-dd'T'HH:mm:ss.SSSZ||epoch_millis"
                                },
                                "os":{
                                    "properties":{
                                        "cpu_bits":{
                                            "type":"integer"
                                        },
                                        "country":{
                                            "type":"keyword",
                                            "ignore_above":2
                                        },
                                        "lang":{
                                            "type":"keyword",
                                            "ignore_above":2
                                        },
                                        "name":{
                                            "type":"keyword",
                                            "ignore_above":256
                                        },
                                        "build":{
                                            "type":"keyword",
                                            "ignore_above":256
                                        },
                                        "edition":{
                                            "type":"keyword",
                                            "ignore_above":256
                                        },
                                        "sp_name":{
                                            "type":"keyword",
                                            "ignore_above":2
                                        },
                                        "sp_ver":{
                                            "type":"integer"
                                        },
                                        "cpe_name":{
                                            "type":"keyword",
                                            "ignore_above":24
                                        },
                                        "type":{
                                            "type":"keyword",
                                            "ignore_above":2
                                        },
                                        "type_id":{
                                            "type":"integer"
                                        },
                                        "version":{
                                            "type":"keyword",
                                            "ignore_above":2
                                        }
                                    }
                                },
                                "bulletin":{
                                    "type":"keyword",
                                    "ignore_above":1024
                                },
                                "product":{
                                    "properties":{
                                        "feature":{
                                            "properties":{
                                                "name":{
                                                    "type":"keyword",
                                                    "ignore_above":256
                                                },
                                                "uid":{
                                                    "type":"keyword",
                                                    "ignore_above":256
                                                },
                                                "version":{
                                                    "type":"keyword",
                                                    "ignore_above":256
                                                }
                                            }
                                        },
                                        "language":{
                                            "type":"keyword",
                                            "ignore_above":2
                                        },
                                        "name":{
                                            "type":"keyword",
                                            "ignore_above":48
                                        },
                                        "path":{
                                            "type":"keyword",
                                            "ignore_above":256
                                        },
                                        "cpe_name":{
                                            "type":"keyword",
                                            "ignore_above":24
                                        },
                                        "url_string":{
                                            "type":"keyword",
                                            "ignore_above":256
                                        },
                                        "uid":{
                                            "type":"keyword",
                                            "ignore_above":48
                                        },
                                        "vendor_name":{
                                            "type":"keyword",
                                            "ignore_above":48
                                        },
                                        "version":{
                                            "type":"keyword",
                                            "ignore_above":48
                                        }
                                    }
                                },
                                "severity":{
                                    "type":"keyword",
                                    "ignore_above":48
                                },
                                "size":{
                                    "type":"integer"
                                },
                                "src_url":{
                                    "type":"keyword",
                                    "ignore_above":1024
                                },
                                "is_superseded":{
                                    "type":"boolean"
                                },
                                "title":{
                                    "type":"keyword",
                                    "ignore_above":1024
                                },
                                "uid":{
                                    "type":"keyword",
                                    "ignore_above":48
                                }
                            }
                        },
                        "references":{
                            "type":"text",
                            "fields":{
                                "keyword":{
                                    "type":"keyword",
                                    "ignore_above":1024
                                }
                            }
                        }
                    }
                }
            }
        }
    }
}