{
    "template":{
        "mappings":{
            "properties":{
                "enrichments":{
                    "properties":{
                        "data":{
                            "type":"text"
                        },
                        "name":{
                            "type":"keyword",
                            "ignore_above":64
                        },
                        "provider":{
                            "type":"keyword",
                            "ignore_above":64
                        },
                        "type":{
                            "type":"keyword",
                            "ignore_above":64
                        },
                        "value":{
                            "type":"keyword",
                            "ignore_above":256
                        }
                    }
                }
            }
        }
    }
}
