{
    "template":{
        "mappings":{
            "properties":{
                "relay":{
                    "properties":{
                        "hostname":{
                            "type":"text",
                            "fields":{
                                "keyword":{
                                    "type":"keyword",
                                    "ignore_above":256
                                }
                            }
                        },
                        "ip":{
                            "type":"ip"
                        },
                        "mac":{
                            "type":"keyword",
                            "ignore_above":24
                        },
                        "name":{
                            "type":"keyword",
                            "ignore_above":256
                        },
                        "namespace":{
                            "type":"keyword",
                            "ignore_above":128
                        },
                        "subnet_prefix":{
                            "type":"integer"
                        },
                        "type":{
                            "type":"keyword",
                            "ignore_above":16
                        },
                        "type_id":{
                            "type":"integer"
                        },
                        "uid":{
                            "type":"keyword",
                            "ignore_above":64
                        }
                    }
                }
            }
        }
    }
}
