{
    "index_patterns":[
        "ocsf-1.1.0-6006*"
    ],
    "template":{
        "settings":{
            "index.number_of_shards":1,
            "index.number_of_replicas":1,
            "index.max_docvalue_fields_search":550,
            "index.mapping.total_fields.limit":4000
        }    
    },
    "composed_of":[
        "ocsf_1_1_0_base_event",
        "ocsf_1_1_0_api",
        "ocsf_1_1_0_actor",
        "ocsf_1_1_0_cloud",
        "ocsf_1_1_0_connection_info",
        "ocsf_1_1_0_dst_endpoint",
        "ocsf_1_1_0_enrichments",
        "ocsf_1_1_0_file",
        "ocsf_1_1_0_metadata",
        "ocsf_1_1_0_observables",
        "ocsf_1_1_0_src_endpoint"
    ],
    "version":1,
    "_meta":{
        "description":"File Hosting Activity - 6006 - schema version OCSF v1.1.0"
    }
}

