{
    "index_patterns":[
        "ocsf-1.1.0-6003*"
    ],
    "template":{
        "settings":{
            "index.plugins.index_state_management.rollover_alias": "ocsf-1.1.0-6003-api_activity",
            "index.number_of_shards":1,
            "index.number_of_replicas":1,
            "index.max_docvalue_fields_search":550,
            "index.mapping.total_fields.limit":4000
        },
        "mappings":{
            "properties":{
                "unmapped":{
                    "type":"object",
                    "enabled":false
                }
            }
        }
    },
    "composed_of":[
        "ocsf_1_1_0_base_event_no_unmapped",
        "ocsf_1_1_0_api",
        "ocsf_1_1_0_actor",
        "ocsf_1_1_0_cloud",
        "ocsf_1_1_0_dst_endpoint",
        "ocsf_1_1_0_device",
        "ocsf_1_1_0_enrichments",
        "ocsf_1_1_0_http_request",
        "ocsf_1_1_0_metadata",
        "ocsf_1_1_0_observables",
        "ocsf_1_1_0_resources",
        "ocsf_1_1_0_src_endpoint"
    ],
    "version":1,
    "_meta":{
        "description":"API Activity - 6003 - schema version OCSF v1.1.0"
    }
}

