{
    "template":{
        "mappings":{
            "properties":{
                "dce_rpc":{
                    "properties":{
                        "command":{
                            "type":"keyword",
                            "ignore_above":64
                        },
                        "command_response":{
                            "type":"keyword",
                            "ignore_above":64
                        },
                        "flags":{
                            "type":"keyword",
                            "ignore_above":64
                        },
                        "opnum":{
                            "type":"integer"
                        },
                        "rpc_interface":{
                            "properties":{
                                "ack_reason":{
                                    "type":"integer"
                                },
                                "ack_result":{
                                    "type":"integer"
                                },
                                "uuid":{
                                    "type":"keyword",
                                    "ignore_above":64
                                },
                                "version":{
                                    "type":"keyword",
                                    "ignore_above":16
                                }
                            }
                        }
                    }
                }
            }
        }
    }
} 
