{
    "template":{
        "mappings":{
            "properties":{
                "connection_info":{
                    "properties":{
                        "boundary":{
                            "type":"keyword",
                            "ignore_above":32
                        },
                        "boundary_id":{
                            "type":"integer"
                        },
                        "uid":{
                            "type":"keyword",
                            "ignore_above":64
                        },
                        "direction":{
                            "type":"keyword",
                            "ignore_above":32
                        },
                        "direction_id":{
                            "type":"integer"
                        },
                        "protocol_ver":{
                            "type":"keyword",
                            "ignore_above":32
                        },
                        "protocol_ver_id":{
                            "type":"integer"
                        },
                        "protocol_name":{
                            "type":"keyword",
                            "ignore_above":256
                        },
                        "protocol_num":{
                            "type":"integer"
                        },
                        "session":{
                            "properties":{
                                "uid_alt":{
                                    "type":"keyword",
                                    "ignore_above":64
                                },
                                "count":{
                                    "type":"integer"
                                },
                                "created_time":{
                                    "type":"date",
                                    "format":"yyyy-MM-dd'T'HH:mm:ss.SSSZ||epoch_millis"
                                },
                                "created_time_dt":{
                                    "type":"date",
                                    "format":"yyyy-MM-dd'T'HH:mm:ss.SSSZ||epoch_millis"
                                },
                                "expiration_time":{
                                    "type":"date",
                                    "format":"yyyy-MM-dd'T'HH:mm:ss.SSSZ||epoch_millis"
                                },
                                "expiration_time_dt":{
                                    "type":"date",
                                    "format":"yyyy-MM-dd'T'HH:mm:ss.SSSZ||epoch_millis"
                                },
                                "issuer":{
                                    "type":"keyword",
                                    "ignore_above":256
                                },
                                "is_mfa":{
                                    "type":"boolean"
                                },
                                "is_remote":{
                                    "type":"boolean"
                                },
                                "terminal":{
                                    "type":"keyword",
                                    "ignore_above":36
                                },
                                "uuid":{
                                    "type":"keyword",
                                    "ignore_above":64
                                },
                                "uid":{
                                    "type":"keyword",
                                    "ignore_above":64
                                },
                                "credential_uid":{
                                    "type":"keyword",
                                    "ignore_above":64
                                },
                                "is_vpn":{
                                    "type":"boolean"
                                }
                            }
                        },               
                        "tcp_flags":{
                            "type":"integer"
                        }                       
                    }
                }
            }
        }
    }
}

