{
    "template":{
        "mappings":{
            "properties":{
                "src_endpoint":{
                    "properties":{
                        "container":{
                            "properties":{
                                "hash":{
                                    "properties":{
                                        "algorithm":{
                                            "type":"keyword",
                                            "ignore_above":64
                                        },
                                        "algorithm_id":{
                                            "type":"integer"
                                        },
                                        "value":{
                                            "type":"keyword",
                                            "ignore_above":1024
                                        }
                                    }
                                },
                                "image":{
                                    "properties":{
                                        "name":{
                                            "type":"keyword",
                                            "ignore_above":64
                                        },
                                        "tag":{
                                            "type":"keyword",
                                            "ignore_above":64
                                        },
                                        "labels":{
                                            "type":"keyword",
                                            "ignore_above":64
                                        },
                                        "path":{
                                            "type":"text",
                                            "fields":{
                                                "keyword":{
                                                    "type":"keyword",
                                                    "ignore_above":1024
                                                }
                                            }
                                        },
                                        "uid":{
                                            "type":"keyword",
                                            "ignore_above":64
                                        }
                                    }
                                },
                                "tag":{
                                    "type":"keyword",
                                    "ignore_above":64
                                },
                                "name":{
                                    "type":"keyword",
                                    "ignore_above":128
                                },
                                "network_driver":{
                                    "type":"keyword",
                                    "ignore_above":64
                                },
                                "orchestrator":{
                                    "type":"keyword",
                                    "ignore_above":64
                                },
                                "pod_uuid":{
                                    "type":"keyword",
                                    "ignore_above":64
                                },
                                "runtime":{
                                    "type":"keyword",
                                    "ignore_above":48
                                },
                                "size":{
                                    "type":"long"
                                },
                                "uid":{
                                    "type":"keyword",
                                    "ignore_above":64
                                }
                            }
                        },
                        "domain":{
                            "type":"keyword",
                            "ignore_above":256
                        },
                        "location":{
                            "properties":{
                                "city":{
                                    "type":"keyword",
                                    "ignore_above":64
                                },
                                "continent":{
                                    "type":"keyword",
                                    "ignore_above":32
                                },
                                "coordinates":{
                                    "type":"geo_point"
                                },
                                "country":{
                                    "type":"keyword",
                                    "ignore_above":2
                                },
                                "desc":{
                                    "type":"text",
                                    "fields":{
                                        "keyword":{
                                            "type":"keyword",
                                            "ignore_above":256
                                        }
                                    }
                                },
                                "isp":{
                                    "type":"keyword",
                                    "ignore_above":64
                                },
                                "is_on_premises":{
                                    "type":"boolean"
                                },
                                "postal_code":{
                                    "type":"keyword",
                                    "ignore_above":16
                                },
                                "provider":{
                                    "type":"keyword",
                                    "ignore_above":64
                                },
                                "region":{
                                    "type":"keyword",
                                    "ignore_above":3
                                }
                            }
                        },
                        "hw_info":{
                            "properties":{
                                "bios_date":{
                                    "type":"keyword",
                                    "ignore_above":16
                                },
                                "bios_manufacturer":{
                                    "type":"keyword",
                                    "ignore_above":64
                                },
                                "bios_ver":{
                                    "type":"keyword",
                                    "ignore_above":16
                                },
                                "cpu_bits":{
                                    "type":"integer"
                                },
                                "cpu_cores":{
                                    "type":"integer"
                                },
                                "cpu_count":{
                                    "type":"integer"
                                },
                                "chasis":{
                                    "type":"keyword",
                                    "ignore_above":64
                                },
                                "desktop_display":{
                                    "properties":{
                                        "color_depth":{
                                            "type":"integer"
                                        },
                                        "physical_height":{
                                            "type":"integer"
                                        },
                                        "physical_orientation":{
                                            "type":"integer"
                                        },
                                        "physical_width":{
                                            "type":"integer"
                                        },
                                        "scale_factor":{
                                            "type":"integer"
                                        }
                                    }
                                },
                                "keyboard_information":{
                                    "properties":{
                                        "function_keys":{
                                            "type":"integer"
                                        },
                                        "ime":{
                                            "type":"keyword",
                                            "ignore_above":16
                                        },
                                        "keyboard_layout":{
                                            "type":"keyword",
                                            "ignore_above":16
                                        },
                                        "keyboard_subtype":{
                                            "type":"integer"
                                        },
                                        "keyboard_type":{
                                            "type":"keyword",
                                            "ignore_above":16
                                        }
                                    }
                                },
                                "cpu_speed":{
                                    "type":"integer"
                                },
                                "cpu_type":{
                                    "type":"keyword",
                                    "ignore_above":64
                                },
                                "ram_size":{
                                    "type":"integer"
                                },
                                "serial_number":{
                                    "type":"keyword",
                                    "ignore_above":64
                                }
                            }
                        },
                        "hostname":{
                            "type":"text",
                            "fields":{
                                "keyword":{
                                    "type":"keyword",
                                    "ignore_above":256
                                }
                            }
                        },
                        "ip":{
                            "type":"ip"
                        },
                        "instance_uid":{
                            "type":"keyword",
                            "ignore_above":64
                        },
                        "intermediate_ips":{
                            "type":"ip"
                        },
                        "mac":{
                            "type":"keyword",
                            "ignore_above":64
                        },
                        "name":{
                            "type":"keyword",
                            "ignore_above":64
                        },
                        "namespace_pid":{
                            "type":"integer"
                        },
                        "interface_uid":{
                            "type":"keyword",
                            "ignore_above":64
                        },
                        "interface_name":{
                            "type":"keyword",
                            "ignore_above":64
                        },
                        "zone":{
                            "type":"keyword",
                            "ignore_above":16
                        },
                        "os":{
                            "properties":{
                                "cpu_bits":{
                                    "type":"integer"
                                },
                                "country":{
                                    "type":"keyword",
                                    "ignore_above":2
                                },
                                "lang":{
                                    "type":"keyword",
                                    "ignore_above":2
                                },
                                "name":{
                                    "type":"keyword",
                                    "ignore_above":64
                                },
                                "build":{
                                    "type":"keyword",
                                    "ignore_above":64
                                },
                                "edition":{
                                    "type":"keyword",
                                    "ignore_above":64
                                },
                                "sp_name":{
                                    "type":"keyword",
                                    "ignore_above":64
                                },
                                "sp_ver":{
                                    "type":"integer"
                                },
                                "cpe_name":{
                                    "type":"keyword",
                                    "ignore_above":64
                                },
                                "type":{
                                    "type":"keyword",
                                    "ignore_above":32
                                },
                                "type_id":{
                                    "type":"integer"
                                },
                                "version":{
                                    "type":"keyword",
                                    "ignore_above":16
                                }
                            }
                        },
                        "port":{
                            "type":"integer"
                        },
                        "proxy_endpoint":{
                            "properties":{
                                "container":{
                                    "properties":{
                                        "hash":{
                                            "properties":{
                                                "algorithm":{
                                                    "type":"keyword",
                                                    "ignore_above":64
                                                },
                                                "algorithm_id":{
                                                    "type":"integer"
                                                },
                                                "value":{
                                                    "type":"keyword",
                                                    "ignore_above":1024
                                                }
                                            }
                                        },
                                        "image":{
                                            "properties":{
                                                "name":{
                                                    "type":"keyword",
                                                    "ignore_above":64
                                                },
                                                "tag":{
                                                    "type":"keyword",
                                                    "ignore_above":64
                                                },
                                                "labels":{
                                                    "type":"keyword",
                                                    "ignore_above":64
                                                },
                                                "path":{
                                                    "type":"text",
                                                    "fields":{
                                                        "keyword":{
                                                            "type":"keyword",
                                                            "ignore_above":1024
                                                        }
                                                    }
                                                },
                                                "uid":{
                                                    "type":"keyword",
                                                    "ignore_above":64
                                                }
                                            }
                                        },
                                        "tag":{
                                            "type":"keyword",
                                            "ignore_above":64
                                        },
                                        "name":{
                                            "type":"keyword",
                                            "ignore_above":128
                                        },
                                        "network_driver":{
                                            "type":"keyword",
                                            "ignore_above":64
                                        },
                                        "orchestrator":{
                                            "type":"keyword",
                                            "ignore_above":64
                                        },
                                        "pod_uuid":{
                                            "type":"keyword",
                                            "ignore_above":64
                                        },
                                        "runtime":{
                                            "type":"keyword",
                                            "ignore_above":48
                                        },
                                        "size":{
                                            "type":"long"
                                        },
                                        "uid":{
                                            "type":"keyword",
                                            "ignore_above":64
                                        }
                                    }
                                },
                                "domain":{
                                    "type":"keyword",
                                    "ignore_above":256
                                },
                                "location":{
                                    "properties":{
                                        "city":{
                                            "type":"keyword",
                                            "ignore_above":64
                                        },
                                        "continent":{
                                            "type":"keyword",
                                            "ignore_above":32
                                        },
                                        "coordinates":{
                                            "type":"geo_point"
                                        },
                                        "country":{
                                            "type":"keyword",
                                            "ignore_above":2
                                        },
                                        "desc":{
                                            "type":"text",
                                            "fields":{
                                                "keyword":{
                                                    "type":"keyword",
                                                    "ignore_above":256
                                                }
                                            }
                                        },
                                        "isp":{
                                            "type":"keyword",
                                            "ignore_above":64
                                        },
                                        "is_on_premises":{
                                            "type":"boolean"
                                        },
                                        "postal_code":{
                                            "type":"keyword",
                                            "ignore_above":16
                                        },
                                        "provider":{
                                            "type":"keyword",
                                            "ignore_above":64
                                        },
                                        "region":{
                                            "type":"keyword",
                                            "ignore_above":3
                                        }
                                    }
                                },
                                "hw_info":{
                                    "properties":{
                                        "bios_date":{
                                            "type":"keyword",
                                            "ignore_above":16
                                        },
                                        "bios_manufacturer":{
                                            "type":"keyword",
                                            "ignore_above":64
                                        },
                                        "bios_ver":{
                                            "type":"keyword",
                                            "ignore_above":16
                                        },
                                        "cpu_bits":{
                                            "type":"integer"
                                        },
                                        "cpu_cores":{
                                            "type":"integer"
                                        },
                                        "cpu_count":{
                                            "type":"integer"
                                        },
                                        "chasis":{
                                            "type":"keyword",
                                            "ignore_above":64
                                        },
                                        "desktop_display":{
                                            "properties":{
                                                "color_depth":{
                                                    "type":"integer"
                                                },
                                                "physical_height":{
                                                    "type":"integer"
                                                },
                                                "physical_orientation":{
                                                    "type":"integer"
                                                },
                                                "physical_width":{
                                                    "type":"integer"
                                                },
                                                "scale_factor":{
                                                    "type":"integer"
                                                }
                                            }
                                        },
                                        "keyboard_information":{
                                            "properties":{
                                                "function_keys":{
                                                    "type":"integer"
                                                },
                                                "ime":{
                                                    "type":"keyword",
                                                    "ignore_above":16
                                                },
                                                "keyboard_layout":{
                                                    "type":"keyword",
                                                    "ignore_above":16
                                                },
                                                "keyboard_subtype":{
                                                    "type":"integer"
                                                },
                                                "keyboard_type":{
                                                    "type":"keyword",
                                                    "ignore_above":16
                                                }
                                            }
                                        },
                                        "cpu_speed":{
                                            "type":"integer"
                                        },
                                        "cpu_type":{
                                            "type":"keyword",
                                            "ignore_above":64
                                        },
                                        "ram_size":{
                                            "type":"integer"
                                        },
                                        "serial_number":{
                                            "type":"keyword",
                                            "ignore_above":64
                                        }
                                    }
                                },
                                "hostname":{
                                    "type":"text",
                                    "fields":{
                                        "keyword":{
                                            "type":"keyword",
                                            "ignore_above":256
                                        }
                                    }
                                },
                                "ip":{
                                    "type":"ip"
                                },
                                "instance_uid":{
                                    "type":"keyword",
                                    "ignore_above":64
                                },
                                "intermediate_ips":{
                                    "type":"ip"
                                },
                                "mac":{
                                    "type":"keyword",
                                    "ignore_above":64
                                },
                                "name":{
                                    "type":"keyword",
                                    "ignore_above":64
                                },
                                "namespace_pid":{
                                    "type":"integer"
                                },
                                "interface_uid":{
                                    "type":"keyword",
                                    "ignore_above":64
                                },
                                "interface_name":{
                                    "type":"keyword",
                                    "ignore_above":64
                                },
                                "zone":{
                                    "type":"keyword",
                                    "ignore_above":16
                                },
                                "os":{
                                    "properties":{
                                        "cpu_bits":{
                                            "type":"integer"
                                        },
                                        "country":{
                                            "type":"keyword",
                                            "ignore_above":2
                                        },
                                        "lang":{
                                            "type":"keyword",
                                            "ignore_above":2
                                        },
                                        "name":{
                                            "type":"keyword",
                                            "ignore_above":64
                                        },
                                        "build":{
                                            "type":"keyword",
                                            "ignore_above":64
                                        },
                                        "edition":{
                                            "type":"keyword",
                                            "ignore_above":64
                                        },
                                        "sp_name":{
                                            "type":"keyword",
                                            "ignore_above":64
                                        },
                                        "sp_ver":{
                                            "type":"integer"
                                        },
                                        "cpe_name":{
                                            "type":"keyword",
                                            "ignore_above":64
                                        },
                                        "type":{
                                            "type":"keyword",
                                            "ignore_above":32
                                        },
                                        "type_id":{
                                            "type":"integer"
                                        },
                                        "version":{
                                            "type":"keyword",
                                            "ignore_above":16
                                        }
                                    }
                                },
                                "port":{
                                    "type":"integer"
                                },
                                "svc_name":{
                                    "type":"keyword",
                                    "ignore_above":256
                                },
                                "subnet_uid":{
                                    "type":"keyword",
                                    "ignore_above":64
                                },
                                "type":{
                                    "type":"keyword",
                                    "ignore_above":64
                                },
                                "type_id":{
                                    "type":"integer"
                                },
                                "uid":{
                                    "type":"keyword",
                                    "ignore_above":64
                                },
                                "vlan_uid":{
                                    "type":"keyword",
                                    "ignore_above":64
                                },
                                "vpc_uid":{
                                    "type":"keyword",
                                    "ignore_above":64
                                }
                            }
                        },
                        "svc_name":{
                            "type":"keyword",
                            "ignore_above":256
                        },
                        "subnet_uid":{
                            "type":"keyword",
                            "ignore_above":64
                        },
                        "type":{
                            "type":"keyword",
                            "ignore_above":64
                        },
                        "type_id":{
                            "type":"integer"
                        },
                        "uid":{
                            "type":"keyword",
                            "ignore_above":64
                        },
                        "vlan_uid":{
                            "type":"keyword",
                            "ignore_above":64
                        },
                        "vpc_uid":{
                            "type":"keyword",
                            "ignore_above":64
                        }
                    }
                }
            }
        }
    }
}
